id,first_name,last_name,email,favorite_color
1,Erda,Birkin,ebirkinb@google.com.hk,Aquamarine
2,Cherey,Endacott,cendacottc@freewebs.com,Fuscia
3,Shalom,Westoff,swestoffd@about.me,Red
4,Jo,Goulborne,jgoulbornee@example.com,Red
5,Baccarani,Pham,baccarani.pham@capco.com,Blue
6,Ryan,Favro,ryan.favro@capco.com,Black